"Path","Slice Name","Alias(s)","Label","Min","Max","Must Support?","Is Modifier?","Is Summary?","Type(s)","Short","Definition","Comments","Requirements","Default Value","Meaning When Missing","Fixed Value","Pattern","Example","Minimum Value","Maximum Value","Maximum Length","Binding Strength","Binding Description","Binding Value Set","Code","Slicing Discriminator","Slicing Description","Slicing Ordered","Slicing Rules","Base Path","Base Min","Base Max","Condition(s)","Constraint(s)","Mapping: RIM Mapping","Mapping: ???","Mapping: Workflow Pattern","Mapping: FiveWs Pattern","Mapping: Object Implementation Information"
"ConceptMap","","","",0,*,"","","","","A map from one set of concepts to one or more other concepts","A statement of relationships from one set of concepts to one or more other concepts - either code systems or data elements, or classes in class models.","","","","","","","","","",,,,,"",,,,"ConceptMap",0,*,"","dom-2:If the resource is contained in another resource, it SHALL NOT contain nested Resources {contained.contained.empty()}
dom-4:If a resource is contained in another resource, it SHALL NOT have a meta.versionId or a meta.lastUpdated {contained.meta.versionId.empty() and contained.meta.lastUpdated.empty()}dom-3:If the resource is contained in another resource, it SHALL be referred to from elsewhere in the resource or SHALL refer to the containing resource {contained.where((('#'+id in (%resource.descendants().reference | %resource.descendants().as(canonical) | %resource.descendants().as(uri) | %resource.descendants().as(url))) or descendants().where(reference = '#').exists() or descendants().where(as(canonical) = '#').exists() or descendants().where(as(canonical) = '#').exists()).not()).trace('unmatched', id).empty()}dom-6:A resource should have narrative for robust management {text.div.exists()}dom-5:If a resource is contained in another resource, it SHALL NOT have a security label {contained.meta.security.empty()}cmd-0:Name should be usable as an identifier for the module by machine processing applications such as code generation {name.matches('[A-Z]([A-Za-z0-9_]){0,254}')}","Entity. Role, or Act","N/A"
"ConceptMap.id","","","",0,1,"","","Y","id {[]} {[]}
","Logical id of this artifact","The logical id of the resource, as used in the URL for the resource. Once assigned, this value never changes.","The only time that a resource does not have an id is when it is being submitted to the server using a create operation.","","","","","","","","",,,,,"",,,,"Resource.id",0,1,"",""
"ConceptMap.meta","","","",0,1,"","","Y","Meta {[]} {[]}
","Metadata about the resource","The metadata about the resource. This is content that is maintained by the infrastructure. Changes to the content might not always be associated with version changes to the resource.","","","","","","","","","",,,,,"",,,,"Resource.meta",0,1,"",""
"ConceptMap.implicitRules","","","",0,1,"","Y","Y","uri {[]} {[]}
","A set of rules under which this content was created","A reference to a set of rules that were followed when the resource was constructed, and which must be understood when processing the content. Often, this is a reference to an implementation guide that defines the special rules along with other profiles etc.","Asserting this rule set restricts the content to be only understood by a limited set of trading partners. This inherently limits the usefulness of the data in the long term. However, the existing health eco-system is highly fractured, and not yet ready to define, collect, and exchange data in a generally computable sense. Wherever possible, implementers and/or specification writers should avoid using this element. Often, when used, the URL is a reference to an implementation guide that defines these special rules as part of it's narrative along with other profiles, value sets, etc.","","","","","","","","",,,,,"",,,,"Resource.implicitRules",0,1,"",""
"ConceptMap.language","","","",0,1,"","","","code {[]} {[]}
","Language of the resource content","The base language in which the resource is written.","Language is provided to support indexing and accessibility (typically, services such as text to speech use the language tag). The html language tag in the narrative applies  to the narrative. The language tag on the resource may be used to specify the language of other presentations generated from the data in the resource. Not all the content has to be in the base language. The Resource.language should not be assumed to apply to the narrative automatically. If a language is specified, it should it also be specified on the div element in the html (see rules in HTML5 for information about the relationship between xml:lang and the html lang attribute).","","","","","","","","",,"preferred","A human language.","http://hl7.org/fhir/ValueSet/languages","",,,,"Resource.language",0,1,"",""
"ConceptMap.text","","narrative
htmlxhtmldisplay","",0,1,"","","","Narrative {[]} {[]}
","Text summary of the resource, for human interpretation","A human-readable narrative that contains a summary of the resource and can be used to represent the content of the resource to a human. The narrative need not encode all the structured data, but is required to contain sufficient detail to make it ""clinically safe"" for a human to just read the narrative. Resource definitions may define what content should be represented in the narrative to ensure clinical safety.","Contained resources do not have narrative. Resources that are not contained SHOULD have a narrative. In some cases, a resource may only have text with little or no additional discrete data (as long as all minOccurs=1 elements are satisfied).  This may be necessary for data from legacy systems where information is captured as a ""text blob"" or where text is additionally entered raw or narrated and encoded information is added later.","","","","","","","","",,,,,"",,,,"DomainResource.text",0,1,"","","Act.text?"
"ConceptMap.contained","","inline resources
anonymous resourcescontained resources","",0,*,"","","","Resource {[]} {[]}
","Contained, inline Resources","These resources do not have an independent existence apart from the resource that contains them - they cannot be identified independently, and nor can they have their own independent transaction scope.","This should never be done when the content can be identified properly, as once identification is lost, it is extremely difficult (and context dependent) to restore it again. Contained resources may have profiles and tags In their meta elements, but SHALL NOT have security labels.","","","","","","","","",,,,,"",,,,"DomainResource.contained",0,*,"","","N/A"
"ConceptMap.extension","","extensions
user content","",0,*,"","","","Extension {[]} {[]}
","Additional Content defined by implementations","May be used to represent additional information that is not part of the basic definition of the resource. To make the use of extensions safe and manageable, there is a strict set of governance  applied to the definition and use of extensions. Though any implementer can define an extension, there is a set of requirements that SHALL be met as part of the definition of the extension.","There can be no stigma associated with the use of extensions by any application, project, or standard - regardless of the institution or jurisdiction that uses or defines the extensions.  The use of extensions is what allows the FHIR specification to retain a core level of simplicity for everyone.","","","","","","","","",,,,,"",,,,"DomainResource.extension",0,*,"","","N/A"
"ConceptMap.modifierExtension","","extensions
user content","",0,*,"","Y","","Extension {[]} {[]}
","Extensions that cannot be ignored","May be used to represent additional information that is not part of the basic definition of the resource, and that modifies the understanding of the element that contains it. Usually modifier elements provide negation or qualification. To make the use of extensions safe and manageable, there is a strict set of governance applied to the definition and use of extensions. Though any implementer is allowed to define an extension, there is a set of requirements that SHALL be met as part of the definition of the extension. Applications processing a resource are required to check for modifier extensions.

Modifier extensions SHALL NOT change the meaning of any elements on Resource or DomainResource (including cannot change the meaning of modifierExtension itself).","There can be no stigma associated with the use of extensions by any application, project, or standard - regardless of the institution or jurisdiction that uses or defines the extensions.  The use of extensions is what allows the FHIR specification to retain a core level of simplicity for everyone.","","","","","","","","",,,,,"",,,,"DomainResource.modifierExtension",0,*,"","","N/A"
"ConceptMap.url","","","",0,1,"","","Y","uri {[]} {[]}
","Logical URI to reference this concept map (globally unique)","An absolute URI that is used to identify this concept map when it is referenced in a specification, model, design or an instance. This SHALL be a URL, SHOULD be globally unique, and SHOULD be an address at which this concept map is (or will be) published. The URL SHOULD include the major version of the concept map. For more information see [Technical and Business Versions](resource.html#versions).","Can be a urn:uuid: or a urn:oid:, but real http: addresses are preferred.  Multiple instances may share the same url if they have a distinct.","Allows the concept map to be referenced by a single globally unique identifier.","","","","","","","",,,,,"",,,,"ConceptMap.url",0,1,"","","Definition.url","FiveWs.identifier"
"ConceptMap.identifier","","","",0,0,"","","Y","Identifier {[]} {[]}
","Additional identifier for the concept map","A formal identifier that is used to identify this concept map when it is represented in other formats, or referenced in a specification, model, design or an instance.","Typically, this is used for identifiers that can go in an HL7 V3 II (instance identifier) data type, and can then identify this concept map outside of FHIR, where it is not possible to use the logical URI.","Allows externally provided and/or usable business identifiers to be easily associated with the module.","","","","","","","",,,,,"",,,,"ConceptMap.identifier",0,1,"","","Identifier part","Definition.identifier","FiveWs.identifier","no-gen-base"
"ConceptMap.version","","","",0,0,"","","Y","string {[]} {[]}
","Business version of the concept map","The identifier that is used to identify this version of the concept map when it is referenced in a specification, model, design or instance. This is an arbitrary value managed by the concept map author and is not expected to be globally unique. For example, it might be a timestamp (e.g. yyyymmdd) if a managed version is not available. There is also no expectation that versions can be placed in a lexicographical sequence.","There may be different concept map instances that have the same identifier but different versions.  The version can be appended to the url in a reference to allow a reference to a particular business version of the concept map with the format [url]|[version].","","","","","","","","",,,,,"",,,,"ConceptMap.version",0,1,"","","Definition.version","FiveWs.version"
"ConceptMap.name","","","",0,0,"","","Y","string {[]} {[]}
","Name for this concept map (computer friendly)","A natural language name identifying the concept map. This name should be usable as an identifier for the module by machine processing applications such as code generation.","The name is not expected to be globally unique. The name should be a simple alphanumeric type name to ensure that it is machine-processing friendly.","Support human navigation and code generation.","","","","","","","",,,,,"",,,,"ConceptMap.name",0,1,"inv-0
",""
"ConceptMap.title","","","",0,0,"","","Y","string {[]} {[]}
","Name for this concept map (human friendly)","A short, descriptive, user-friendly title for the concept map.","This name does not need to be machine-processing friendly and may contain punctuation, white-space, etc.","","","","","","","","",,,,,"",,,,"ConceptMap.title",0,1,"","","Definition.title"
"ConceptMap.status","","","",1,1,"","Y","Y","code {[]} {[]}
","draft | active | retired | unknown","The status of this concept map. Enables tracking the life-cycle of the content.","Only ""Active"" must be supported as it reflects the time of publication.  Others are not valid for that.","","","","","","","","",,"required","The lifecycle status of an artifact.","http://hl7.org/fhir/ValueSet/publication-status","",,,,"ConceptMap.status",1,1,"","","Definition.status","FiveWs.status"
"ConceptMap.experimental","","","",0,0,"","","Y","boolean {[]} {[]}
","For testing purposes, not real usage","A Boolean value to indicate that this concept map is authored for testing purposes (or education/evaluation/marketing) and is not intended to be used for genuine usage.","Allows filtering of concept maps that are appropriate for use versus not.","Enables experimental content to be developed following the same lifecycle that would be used for a production-level concept map.","","","","","","","",,,,,"",,,,"ConceptMap.experimental",0,1,"","","Definition.experimental","FiveWs.class"
"ConceptMap.date","","Revision Date
","",0,0,"","","Y","dateTime {[]} {[]}
","Date last changed","The date  (and optionally time) when the concept map was published. The date must change when the business version changes and it must change if the status code changes. In addition, it should change when the substantive content of the concept map changes.","Note that this is not the same as the resource last-modified-date, since the resource may be a secondary representation of the concept map. Additional specific dates may be added as extensions or be found by consulting Provenances associated with past versions of the resource.","","","","","","","","",,,,,"",,,,"ConceptMap.date",0,1,"","","Definition.date","FiveWs.recorded"
"ConceptMap.publisher","","","",0,0,"","","Y","string {[]} {[]}
","Name of the publisher (organization or individual)","The name of the organization or individual that published the concept map.","Usually an organization but may be an individual. The publisher (or steward) of the concept map is the organization or individual primarily responsible for the maintenance and upkeep of the concept map. This is not necessarily the same individual or organization that developed and initially authored the content. The publisher is the primary point of contact for questions or issues with the concept map. This item SHOULD be populated unless the information is available from context.","Helps establish the ""authority/credibility"" of the concept map.  May also allow for contact.","","","","","","","",,,,,"",,,,"ConceptMap.publisher",0,1,"","","Definition.publisher","FiveWs.witness"
"ConceptMap.contact","","","",0,0,"","","Y","ContactDetail {[]} {[]}
","Contact details for the publisher","Contact details to assist a user in finding and communicating with the publisher.","May be a web site, an email address, a telephone number, etc.","","","","","","","","",,,,,"",,,,"ConceptMap.contact",0,*,"","","Definition.contact"
"ConceptMap.description","","","",0,0,"","","","markdown {[]} {[]}
","Natural language description of the concept map","A free text natural language description of the concept map from a consumer's perspective.","The description is not intended to describe the semantics of the concept map. The description should capture its intended use, which is needed for ensuring integrity for its use in models across future changes.","","","","","","","","",,,,,"",,,,"ConceptMap.description",0,1,"","","N/A","Definition.description"
"ConceptMap.useContext","","","",0,0,"","","Y","UsageContext {[]} {[]}
","The context that the content is intended to support","The content was developed with a focus and intent of supporting the contexts that are listed. These terms may be used to assist with indexing and searching for appropriate concept map instances.","When multiple useContexts are specified, there is no expectation that all or any of the contexts apply.","Assist in searching for appropriate content.","","","","","","","",,,,,"",,,,"ConceptMap.useContext",0,*,"","","Definition.useContext"
"ConceptMap.jurisdiction","","","",0,0,"","","Y","CodeableConcept {[]} {[]}
","Intended jurisdiction for concept map (if applicable)","A legal or geographic region in which the concept map is intended to be used.","It may be possible for the concept map to be used in jurisdictions other than those for which it was originally designed or intended.","","","","","","","","",,"extensible","Countries and regions within which this artifact is targeted for use.","http://hl7.org/fhir/ValueSet/jurisdiction","",,,,"ConceptMap.jurisdiction",0,*,"","","Definition.jurisdiction"
"ConceptMap.purpose","","","",0,0,"","","","markdown {[]} {[]}
","Why this concept map is defined","Explanation of why this concept map is needed and why it has been designed as it has.","This element does not describe the usage of the concept map. Instead, it provides traceability of ''why'' the resource is either needed or ''why'' it is defined as it is.  This may be used to point to source materials or specifications that drove the structure of this concept map.","","","","","","","","",,,,,"",,,,"ConceptMap.purpose",0,1,"","","Definition.purpose","FiveWs.why[x]","no-gen-base"
"ConceptMap.copyright","","License
Restrictions","",0,0,"","","","markdown {[]} {[]}
","Use and/or publishing restrictions","A copyright statement relating to the concept map and/or its contents. Copyright statements are generally legal restrictions on the use and publishing of the concept map.","& Frequently, the copyright differs between the concept map, and codes that are included. The copyright statement should clearly differentiate between these when required.","Consumers must be able to determine any legal restrictions on the use of the concept map and/or its content.","","","","","","","",,,,,"",,,,"ConceptMap.copyright",0,1,"","","Definition.copyright","no-gen-base"
"ConceptMap.source[x]","","","",1,1,"","","Y","uri {[]} {[]}
canonical {[]} {[CanonicalType[http://hl7.org/fhir/StructureDefinition/ValueSet]]}","Identifies the source of the concepts which are being mapped","The source value set that specifies the concepts that are being mapped.","This points to the device for which the IVD Test Codes are mapped to the suggested LOINC codes.","","","","","","","","",,,,,"",,,,"ConceptMap.source[x]",0,1,"",""
"ConceptMap.target[x]","","","",1,1,"","","Y","uri {[]} {[]}
canonical {[]} {[CanonicalType[http://hl7.org/fhir/StructureDefinition/ValueSet]]}","Provides context to the mappings","The target value set provides context to the mappings. Note that the mapping is made between concepts, not between value sets, but the value set provides important context about how the concept mapping choices are made.","This points to the LIVDLOINCCodeSystemProfile that contains the LOINC codes and their properties, used to map the  IVD Test Codes.","","","","","","","","",,,,,"",,,,"ConceptMap.target[x]",0,1,"",""
"ConceptMap.group","","","",1,1,"","","","BackboneElement {[]} {[]}
","Same source and target systems","A group of mappings that all have the same source and target system.","Considering the scope is only IVD Test Code to LOINC, one group is sufficient.","","","","","","","","",,,,,"",,,,"ConceptMap.group",0,*,"","ele-1:All FHIR elements must have a @value or children {hasValue() or (children().count() > id.count())}
"
"ConceptMap.group.id","","","",0,1,"","","","string {[]} {[]}
","xml:id (or equivalent in JSON)","Unique id for the element within a resource (for internal references). This may be any string value that does not contain spaces.","","","","","","","","","",,,,,"",,,,"Element.id",0,1,"","","n/a"
"ConceptMap.group.extension","","extensions
user content","",0,*,"","","","Extension {[]} {[]}
","Additional content defined by implementations","May be used to represent additional information that is not part of the basic definition of the element. To make the use of extensions safe and manageable, there is a strict set of governance  applied to the definition and use of extensions. Though any implementer can define an extension, there is a set of requirements that SHALL be met as part of the definition of the extension.","There can be no stigma associated with the use of extensions by any application, project, or standard - regardless of the institution or jurisdiction that uses or defines the extensions.  The use of extensions is what allows the FHIR specification to retain a core level of simplicity for everyone.","","","","","","","","",,,,,"",,,,"Element.extension",0,*,"","","n/a"
"ConceptMap.group.modifierExtension","","extensions
user contentmodifiers","",0,*,"","Y","Y","Extension {[]} {[]}
","Extensions that cannot be ignored if unrecognized","May be used to represent additional information that is not part of the basic definition of the element and that modifies the understanding of the element in which it is contained. Usually modifier elements provide negation or qualification. To make the use of extensions safe and manageable, there is a strict set of governance applied to the definition and use of extensions. Though any implementer can define an extension, there is a set of requirements that SHALL be met as part of the definition of the extension. Applications processing a resource are required to check for modifier extensions.

Modifier extensions SHALL NOT change the meaning of any elements on Resource or DomainResource (including cannot change the meaning of modifierExtension itself).","There can be no stigma associated with the use of extensions by any application, project, or standard - regardless of the institution or jurisdiction that uses or defines the extensions.  The use of extensions is what allows the FHIR specification to retain a core level of simplicity for everyone.","","","","","","","","",,,,,"",,,,"BackboneElement.modifierExtension",0,*,"","","N/A"
"ConceptMap.group.source","","","",0,0,"","","","uri {[]} {[]}
","Source code system","An absolute URI that identifies the Code System for the Vendor Analyte Codes.","This is not needed if the source value set is specified and it contains concepts from only a single system.","","","","","","","","",,,,,"",,,,"ConceptMap.group.source",0,1,"",""
"ConceptMap.group.sourceVersion","","","",0,0,"","","","string {[]} {[]}
","Specific version of the  code system","The specific version of the code system, as determined by the manufacturer.","The specification of a particular code system version may be required for code systems which lack concept permanence.","","","","","","","","",,,,,"",,,,"ConceptMap.group.sourceVersion",0,1,"",""
"ConceptMap.group.target","","","",0,0,"","","","uri {[]} {[]}
","Target code system","An absolute URI that identifies the code system for the LOINC codes referenced.","Target may be omitted if all the target element equivalence values are 'unmatched'.","","","","","","","","",,,,,"",,,,"ConceptMap.group.target",0,1,"",""
"ConceptMap.group.targetVersion","","","",0,0,"","","","string {[]} {[]}
","Specific version of the  code system","The specific version of the code system, as established by the manufacturer for this publication.","The specification of a particular code system version may be required for code systems which lack concept permanence.","","","","","","","","",,,,,"",,,,"ConceptMap.group.targetVersion",0,1,"",""
"ConceptMap.group.element","","code
conceptitem","",1,*,"","","","BackboneElement {[]} {[]}
","Mappings for a Vendor Analyte Code from the source set","Mappings for an individual Vendor Analyte Code in the source to one or more LOINC Codes in the target.","Generally an Vendor Analyte Code points to one or more LOINC Codes, but it is possible that a LOINC Code does not exist yet.","","","","","","","","",,,,,"",,,,"ConceptMap.group.element",1,*,"","ele-1:All FHIR elements must have a @value or children {hasValue() or (children().count() > id.count())}
"
"ConceptMap.group.element.id","","","",0,1,"","","","string {[]} {[]}
","xml:id (or equivalent in JSON)","Unique id for the element within a resource (for internal references). This may be any string value that does not contain spaces.","","","","","","","","","",,,,,"",,,,"Element.id",0,1,"","","n/a"
"ConceptMap.group.element.extension","","extensions
user content","",0,*,"","","","Extension {[]} {[]}
","Additional content defined by implementations","May be used to represent additional information that is not part of the basic definition of the element. To make the use of extensions safe and manageable, there is a strict set of governance  applied to the definition and use of extensions. Though any implementer can define an extension, there is a set of requirements that SHALL be met as part of the definition of the extension.","There can be no stigma associated with the use of extensions by any application, project, or standard - regardless of the institution or jurisdiction that uses or defines the extensions.  The use of extensions is what allows the FHIR specification to retain a core level of simplicity for everyone.","","","","","","","","",,,,,"",,,,"Element.extension",0,*,"","","n/a"
"ConceptMap.group.element.modifierExtension","","extensions
user contentmodifiers","",0,*,"","Y","Y","Extension {[]} {[]}
","Extensions that cannot be ignored if unrecognized","May be used to represent additional information that is not part of the basic definition of the element and that modifies the understanding of the element in which it is contained. Usually modifier elements provide negation or qualification. To make the use of extensions safe and manageable, there is a strict set of governance applied to the definition and use of extensions. Though any implementer can define an extension, there is a set of requirements that SHALL be met as part of the definition of the extension. Applications processing a resource are required to check for modifier extensions.

Modifier extensions SHALL NOT change the meaning of any elements on Resource or DomainResource (including cannot change the meaning of modifierExtension itself).","There can be no stigma associated with the use of extensions by any application, project, or standard - regardless of the institution or jurisdiction that uses or defines the extensions.  The use of extensions is what allows the FHIR specification to retain a core level of simplicity for everyone.","","","","","","","","",,,,,"",,,,"BackboneElement.modifierExtension",0,*,"","","N/A"
"ConceptMap.group.element.code","","","",1,1,"","","","code {[]} {[]}
","Identifies the Vendor Analyte Code being mapped","Identity (code or path) of the Vendor Analyte Code being mapped.","","","","","","","","","",,,,,"",,,,"ConceptMap.group.element.code",0,1,"",""
"ConceptMap.group.element.display","","","",1,1,"","","","string {[]} {[]}
","The Vendor Analyte Name","The Vendor Analyte Name for the Vendore Analyte Code. The display is only provided to help editors when editing the concept map.","The display is ignored when processing the map.","","","","","","","","",,,,,"",,,,"ConceptMap.group.element.display",0,1,"",""
"ConceptMap.group.element.target","","","",0,*,"","","","BackboneElement {[]} {[]}
","Identifies the LOINC code being mapped to","A reference to the LOINC code being mapped to, including mapping criteria.","Ideally there would only be one map, with equal or equivalent mapping. But multiple maps are allowed for several narrower options, or to assert that other concepts are unmatched.","","","","","","","","",,,,,"",,,,"ConceptMap.group.element.target",0,*,"","ele-1:All FHIR elements must have a @value or children {hasValue() or (children().count() > id.count())}
cmd-1:If the map is narrower or inexact, there SHALL be some comments {comment.exists() or equivalence.empty() or ((equivalence != 'narrower') and (equivalence != 'inexact'))}"
"ConceptMap.group.element.target.id","","","",0,1,"","","","string {[]} {[]}
","xml:id (or equivalent in JSON)","Unique id for the element within a resource (for internal references). This may be any string value that does not contain spaces.","","","","","","","","","",,,,,"",,,,"Element.id",0,1,"","","n/a"
"ConceptMap.group.element.target.extension","","extensions
user content","",0,*,"","","","Extension {[]} {[]}
","Additional content defined by implementations","May be used to represent additional information that is not part of the basic definition of the element. To make the use of extensions safe and manageable, there is a strict set of governance  applied to the definition and use of extensions. Though any implementer can define an extension, there is a set of requirements that SHALL be met as part of the definition of the extension.","There can be no stigma associated with the use of extensions by any application, project, or standard - regardless of the institution or jurisdiction that uses or defines the extensions.  The use of extensions is what allows the FHIR specification to retain a core level of simplicity for everyone.","","","","","","","","",,,,,"",,,,"Element.extension",0,*,"","","n/a"
"ConceptMap.group.element.target.modifierExtension","","extensions
user contentmodifiers","",0,*,"","Y","Y","Extension {[]} {[]}
","Extensions that cannot be ignored if unrecognized","May be used to represent additional information that is not part of the basic definition of the element and that modifies the understanding of the element in which it is contained. Usually modifier elements provide negation or qualification. To make the use of extensions safe and manageable, there is a strict set of governance applied to the definition and use of extensions. Though any implementer can define an extension, there is a set of requirements that SHALL be met as part of the definition of the extension. Applications processing a resource are required to check for modifier extensions.

Modifier extensions SHALL NOT change the meaning of any elements on Resource or DomainResource (including cannot change the meaning of modifierExtension itself).","There can be no stigma associated with the use of extensions by any application, project, or standard - regardless of the institution or jurisdiction that uses or defines the extensions.  The use of extensions is what allows the FHIR specification to retain a core level of simplicity for everyone.","","","","","","","","",,,,,"",,,,"BackboneElement.modifierExtension",0,*,"","","N/A"
"ConceptMap.group.element.target.code","","","",1,1,"","","","code {[]} {[]}
","Code that identifies the LOINC Code","Identity (code or path) the LOINC Code that the map refers to.","","","","","","","","","",,,,,"",,,,"ConceptMap.group.element.target.code",0,1,"",""
"ConceptMap.group.element.target.display","","","",1,1,"","","","string {[]} {[]}
","LOINC Long Name","The LOINC Long Name for the LOINC code. The display is only provided to help editors when editing the concept map.","The display is ignored when processing the map.","","","","","","","","",,,,,"",,,,"ConceptMap.group.element.target.display",0,1,"",""
"ConceptMap.group.element.target.equivalence","","","",1,1,"","Y","","code {[]} {[]}
","relatedto | equivalent | equal | wider | subsumes | narrower | specializes | inexact | unmatched | disjoint","The equivalence between the source and target concepts (counting for the dependencies and products). The equivalence is read from target to source (e.g. the target is 'wider' than the source).","This element is labeled as a modifier because it may indicate that a target does not apply.","","","","","","","","",,"required","The degree of equivalence between concepts.","http://hl7.org/fhir/ValueSet/concept-map-equivalence","",,,,"ConceptMap.group.element.target.equivalence",1,1,"",""
"ConceptMap.group.element.target.comment","","","",0,1,"","","","string {[]} {[]}
","Vendor Comment","A description of status, issues, or other mapping criteria in mapping that conveys additional information not represented in  the structured data.","This provides the ability for the vendor for additional human readable clarifications to the Laboratory on how to consider mapping IVD Test Codes to LOINC codes beyond the Result and Specimen descriptions in the dependsOn construct.","","","","","","","","",,,,,"",,,,"ConceptMap.group.element.target.comment",0,1,"cmd-1
",""
"ConceptMap.group.element.target.dependsOn","","","",2,2,"","","","BackboneElement {[]} {[]}
","Other elements required for this mapping (from context)","A set of additional dependencies for this mapping to hold. This mapping is only applicable if the specified element can be resolved, and it has the specified value.","Either .code or .display must be valued.
There must be both a specimen and result related description.","","","","","","","","",,,,,"",,,,"ConceptMap.group.element.target.dependsOn",0,*,"","ele-1:All FHIR elements must have a @value or children {hasValue() or (children().count() > id.count())}
"
"ConceptMap.group.element.target.dependsOn.id","","","",0,1,"","","","string {[]} {[]}
","xml:id (or equivalent in JSON)","Unique id for the element within a resource (for internal references). This may be any string value that does not contain spaces.","","","","","","","","","",,,,,"",,,,"Element.id",0,1,"","","n/a"
"ConceptMap.group.element.target.dependsOn.extension","","extensions
user content","",0,*,"","","","Extension {[]} {[]}
","Additional content defined by implementations","May be used to represent additional information that is not part of the basic definition of the element. To make the use of extensions safe and manageable, there is a strict set of governance  applied to the definition and use of extensions. Though any implementer can define an extension, there is a set of requirements that SHALL be met as part of the definition of the extension.","There can be no stigma associated with the use of extensions by any application, project, or standard - regardless of the institution or jurisdiction that uses or defines the extensions.  The use of extensions is what allows the FHIR specification to retain a core level of simplicity for everyone.","","","","","","","","",,,,,"",,,,"Element.extension",0,*,"","","n/a"
"ConceptMap.group.element.target.dependsOn.modifierExtension","","extensions
user contentmodifiers","",0,*,"","Y","Y","Extension {[]} {[]}
","Extensions that cannot be ignored if unrecognized","May be used to represent additional information that is not part of the basic definition of the element and that modifies the understanding of the element in which it is contained. Usually modifier elements provide negation or qualification. To make the use of extensions safe and manageable, there is a strict set of governance applied to the definition and use of extensions. Though any implementer can define an extension, there is a set of requirements that SHALL be met as part of the definition of the extension. Applications processing a resource are required to check for modifier extensions.

Modifier extensions SHALL NOT change the meaning of any elements on Resource or DomainResource (including cannot change the meaning of modifierExtension itself).","There can be no stigma associated with the use of extensions by any application, project, or standard - regardless of the institution or jurisdiction that uses or defines the extensions.  The use of extensions is what allows the FHIR specification to retain a core level of simplicity for everyone.","","","","","","","","",,,,,"",,,,"BackboneElement.modifierExtension",0,*,"","","N/A"
"ConceptMap.group.element.target.dependsOn.property","","","",1,1,"","","","uri {[]} {[]}
","Reference to property mapping depends on","A reference to an element that holds a coded value that corresponds to a code system property. The idea is that the information model carries an element somwhere that is labeled to correspond with a code system property.","This references the list of characteristics, e.g., Specimen or Result, for which further clarifying descriptions are provided.","","","","","","","","",,"required","Defines the properties that are further described to aid in the selection of a LOINC code","http://hl7.org/fhir/uv/livd/ValueSet/conceptmap-livd-desc-prop","",,,,"ConceptMap.group.element.target.dependsOn.property",1,1,"",""
"ConceptMap.group.element.target.dependsOn.system","","","",0,0,"","","","canonical {[]} {[CanonicalType[http://hl7.org/fhir/StructureDefinition/CodeSystem]]}
","Code System (if necessary)","An absolute URI that identifies the code system of the dependency code (if the source/dependency is a value set that crosses code systems).","","","","The code is in the source (dependsOn) or target (product) system","","","","","",,,,,"",,,,"ConceptMap.group.element.target.dependsOn.system",0,1,"",""
"ConceptMap.group.element.target.dependsOn.value","","","",1,1,"","","","string {[]} {[]}
","Value of the referenced element","This provides the coded representation of the description for the Specimen or Result description.","This human readable description provides further information for use by the Lab staff to finalize the appropriate mapping of the analyte test code to the LOINC code for the specific device and purpose within that Lab.","","","","","","","","",,,,,"",,,,"ConceptMap.group.element.target.dependsOn.value",1,1,"",""
"ConceptMap.group.element.target.dependsOn.display","","","",0,0,"","","","string {[]} {[]}
","Display for the code","This represents the vendor description for the Specimen or Result description.","The display is ignored when processing the map.","","","","","","","","",,,,,"",,,,"ConceptMap.group.element.target.dependsOn.display",0,1,"",""
"ConceptMap.group.element.target.product","","","",0,0,"","","","","Other concepts that this mapping also produces","A set of additional outcomes from this mapping to other elements. To properly execute this mapping, the specified element must be mapped to some data element or source that is in context. The mapping may still be useful without a place for the additional data elements, but the equivalence cannot be relied on.","","","","","","","","","",,,,,"",,,,"ConceptMap.group.element.target.product",0,*,"",""
"ConceptMap.group.unmapped","","","",0,0,"","","","BackboneElement {[]} {[]}
","When no match in the mappings","What to do when there is no match in the mappings in the group.","This only applies if the source code is in the system defined for the group.","","","","","","","","",,,,,"",,,,"ConceptMap.group.unmapped",0,1,"","ele-1:All FHIR elements must have a @value or children {hasValue() or (children().count() > id.count())}
cmd-3:If the mode is 'other-map', a url must be provided {(mode = 'other-map') implies url.exists()}cmd-2:If the mode is 'fixed', a code must be provided {(mode = 'fixed') implies code.exists()}"
"ConceptMap.group.unmapped.id","","","",0,1,"","","","string {[]} {[]}
","xml:id (or equivalent in JSON)","Unique id for the element within a resource (for internal references). This may be any string value that does not contain spaces.","","","","","","","","","",,,,,"",,,,"Element.id",0,1,"","","n/a"
"ConceptMap.group.unmapped.extension","","extensions
user content","",0,*,"","","","Extension {[]} {[]}
","Additional content defined by implementations","May be used to represent additional information that is not part of the basic definition of the element. To make the use of extensions safe and manageable, there is a strict set of governance  applied to the definition and use of extensions. Though any implementer can define an extension, there is a set of requirements that SHALL be met as part of the definition of the extension.","There can be no stigma associated with the use of extensions by any application, project, or standard - regardless of the institution or jurisdiction that uses or defines the extensions.  The use of extensions is what allows the FHIR specification to retain a core level of simplicity for everyone.","","","","","","","","",,,,,"",,,,"Element.extension",0,*,"","","n/a"
"ConceptMap.group.unmapped.modifierExtension","","extensions
user contentmodifiers","",0,*,"","Y","Y","Extension {[]} {[]}
","Extensions that cannot be ignored if unrecognized","May be used to represent additional information that is not part of the basic definition of the element and that modifies the understanding of the element in which it is contained. Usually modifier elements provide negation or qualification. To make the use of extensions safe and manageable, there is a strict set of governance applied to the definition and use of extensions. Though any implementer can define an extension, there is a set of requirements that SHALL be met as part of the definition of the extension. Applications processing a resource are required to check for modifier extensions.

Modifier extensions SHALL NOT change the meaning of any elements on Resource or DomainResource (including cannot change the meaning of modifierExtension itself).","There can be no stigma associated with the use of extensions by any application, project, or standard - regardless of the institution or jurisdiction that uses or defines the extensions.  The use of extensions is what allows the FHIR specification to retain a core level of simplicity for everyone.","","","","","","","","",,,,,"",,,,"BackboneElement.modifierExtension",0,*,"","","N/A"
"ConceptMap.group.unmapped.mode","","","",1,1,"","","","code {[]} {[]}
","provided | fixed | other-map","Defines which action to take if there is no match in the group. One of 3 actions is possible: use the unmapped code (this is useful when doing a mapping between versions, and only a few codes have changed), use a fixed code (a default code), or alternatively, a reference to a different concept map can be provided (by canonical URL).","","","","","","","","","",,"required","Defines which action to take if there is no match in the group.","http://hl7.org/fhir/ValueSet/conceptmap-unmapped-mode","",,,,"ConceptMap.group.unmapped.mode",1,1,"",""
"ConceptMap.group.unmapped.code","","","",0,1,"","","","code {[]} {[]}
","Fixed code when mode = fixed","The fixed code to use when the mode = 'fixed'  - all unmapped codes are mapped to a single fixed code.","","","","","","","","","",,,,,"",,,,"ConceptMap.group.unmapped.code",0,1,"",""
"ConceptMap.group.unmapped.display","","","",0,1,"","","","string {[]} {[]}
","Display for the code","The display for the code. The display is only provided to help editors when editing the concept map.","The display is ignored when processing the map.","","","","","","","","",,,,,"",,,,"ConceptMap.group.unmapped.display",0,1,"",""
"ConceptMap.group.unmapped.url","","","",0,1,"","","","canonical {[]} {[CanonicalType[http://hl7.org/fhir/StructureDefinition/ConceptMap]]}
","Canonical URL for other concept map","The canonical URL of the map to use if this map contains no mapping.","","","","","","","","","",,,,,"",,,,"ConceptMap.group.unmapped.url",0,1,"",""
